Workbook
Name Slicer_Remarks: #N/A
Name Slicer_Year_Month: #N/A

Sheet Sales_Data
A1: Order ID | B1: SALES PERSON | C1: CustomerName | D1: State | E1: City | F1: Category | G1: Sub category | H1: Quatity | I1: Amount | J1: Profit | K1: PaymentMode | L1: Order Date | M1: Year-Month
A2: B-26776 | B2: Aarav Sharma | C2: David Padilla | D2: Florida | E2: Miami | F2: Electronics | G2: Electronic Games | H2: 5 | I2: 9726 | J2: 1275 | K2: UPI | L2: 45104 | M2: 2023-06
A3: B-26776 | B3: Aditi Verma | C3: Connor Morgan | D3: Illinois | E3: Chicago | F3: Electronics | G3: Electronic Games | H3: 5 | I3: 9726 | J3: 1275 | K3: UPI | L3: 45653 | M3: 2024-12
A4: B-26776 | B4: Rohan Gupta | C4: Robert Stone | D4: New York | E4: Buffalo | F4: Electronics | G4: Electronic Games | H4: 5 | I4: 9726 | J4: 1275 | K4: UPI | L4: 44402 | M4: 2021-07
A5: B-26776 | B5: Sneha Singh | C5: David Padilla | D5: Florida | E5: Miami | F5: Electronics | G5: Printers | H5: 14 | I5: 4975 | J5: 1330 | K5: UPI | L5: 45104 | M5: 2023-06
A6: B-26776 | B6: Rohan Gupta | C6: Connor Morgan | D6: Illinois | E6: Chicago | F6: Electronics | G6: Printers | H6: 14 | I6: 4975 | J6: 1330 | K6: UPI | L6: 45653 | M6: 2024-12
A7: B-26776 | B7: Sneha Singh | C7: Robert Stone | D7: New York | E7: Buffalo | F7: Electronics | G7: Printers | H7: 14 | I7: 4975 | J7: 1330 | K7: UPI | L7: 44402 | M7: 2021-07
A8: B-26942 | B8: Nisha Kapoor | C8: John Fields | D8: Florida | E8: Orlando | F8: Office Supplies | G8: Pens | H8: 12 | I8: 1525 | J8: 185 | K8: Debit Card | L8: 45423 | M8: 2024-05
A9: B-26942 | B9: Aarav Sharma | C9: Clayton Smith | D9: Florida | E9: Miami | F9: Office Supplies | G9: Pens | H9: 12 | I9: 1525 | J9: 185 | K9: Debit Card | L9: 44478 | M9: 2021-10
A10: B-26640 | B10: Aditi Verma | C10: Richard Kelley | D10: California | E10: Los Angeles | F10: Electronics | G10: Laptops | H10: 10 | I10: 883 | J10: 117 | K10: EMI | L10: 44883 | M10: 2022-11
A11: B-26640 | B11: Rohan Gupta | C11: Richard Kelley | D11: California | E11: Los Angeles | F11: Furniture | G11: Data | H11: 16 | I11: 8127 | J11: 3551 | K11: Credit Card | L11: 44883 | M11: 2022-11
A12: B-25890 | B12: Sneha Singh | C12: Jacqueline Hubbard | D12: New York | E12: New York City | F12: Furniture | G12: Chairs | H12: 19 | I12: 2516 | J12: 734 | K12: UPI | L12: 45242 | M12: 2023-11
A13: B-25102 | B13: Nisha Kapoor | C13: Jessica Anderson | D13: New York | E13: New York City | F13: Office Supplies | G13: Pens | H13: 14 | I13: 2975 | J13: 462 | K13: Credit Card | L13: 43913 | M13: 2020-03
... A101: B-26795 | B101: Riya Chakraborty | C101: Karen Townsend | D101: Texas | E101: Houston | F101: Office Supplies | G101: Markers | H101: 11 | I101: 5002 | J101: 1801 | K101: Credit Card | L101: 45123 | M101: 2023-07

Sheet Targets
A1: SALES PERSON | B1: Year month | C1: TARGET
A2: Aarav Sharma | B2: 2023-06 | C2: 9800
A3: Aditi Verma | B3: 2024-12 | C3: 9500
A4: Rohan Gupta | B4: 2021-07 | C4: 9200
A5: Sneha Singh | B5: 2023-06 | C5: 8900
A6: Rohan Gupta | B6: 2024-12 | C6: 8600
A7: Sneha Singh | B7: 2021-07 | C7: 8300
A8: Nisha Kapoor | B8: 2024-05 | C8: 8000
A9: Aarav Sharma | B9: 2021-10 | C9: 7700
A10: Aditi Verma | B10: 2022-11 | C10: 7400
A11: Rohan Gupta | B11: 2022-11 | C11: 7100
A12: Sneha Singh | B12: 2023-11 | C12: 6800
A13: Nisha Kapoor | B13: 2020-03 | C13: 6500
... A101: Riya Chakraborty | B101: 2023-07 | C101: 7700

Sheet Incentive
A1: Min % | B1: Max % | C1: Incentive %
A2: 0 | B2: 0.79 | C2: 0 | F2: sales person | G2: Sum of Incentive Amount
A3: 0.8 | B3: 0.99 | C3: 0.05 | F3: Aarav Sharma | G3: 486.3
A4: 1 | B4: 1.19 | C4: 0.1 | F4: Aditi Verma | G4: 972.6
A5: 1.2 | B5: 9.99 | C5: 0.15 | F5: Aditya Rao | G5: 5610.15
F6: Alka Srivastava | G6: 2504
F7: Aman Tiwari | G7: 3910.4
F8: Ashish Rawat | G8: 2157.3
F9: Deepak Sinha | G9: 2012.7
F10: Gaurav Singhal | G10: 751.65
F11: Harsh Vardhan | G11: 2060.1
F12: Kavya Nair | G12: 3253.95
F13: Meenal Joshi | G13: 1069.15
F14: Mohit Saxena | G14: 2516.05
F15: Nisha Kapoor | G15: 3414.75
F16: Pallavi Kulkarni | G16: 1041.45
F17: Preeti Malhotra | G17: 3069.3
... F25: Tanvi Deshpande | G25: 1782.75

Sheet Incentive summary
A1: Salesperson | B1: Year-Month | C1: Total Sales | D1: Target | E1: Achievement % | F1: Incentive % | G1: Incentive Amount | H1: Incentive eligibility | I1: Performance Band | J1: Remarks
A2: Aarav Sharma | B2: 2023-06 | C2: =SUMIFS(Sales_Data!I:I,Sales_Data!B:B,'Incentive summary'!A2,Sales_Data!M:M,'Incentive summary'!B2) -> 9726 | D2: =SUMIFS(Targets!C:C, Targets!A:A, A2, Targets!B:B, B2) -> 9800 | E2: =IFERROR(C2/D2,0) -> 0.99244898 | F2: =VLOOKUP(E2, Incentive!$A$1:$C$5, 3, TRUE) -> 0.05 | G2: =C2*F2 -> 486.3 | H2: =IF(E2>0.8,"Eligible","Not Eligible") -> Eligible | I2: =IF(E2<0.8,"Poor", IF(E2<1,"Average", IF(E2<1.2,"Good","Excellent"))) -> Average | J2: =IF(F2=0,"No incentive",IF(F2=0.05,"Low incentive",IF(F2>0.05,"High incentive"))) -> Low incentive
A3: Aditi Verma | B3: 2024-12 | C3: =SUMIFS(Sales_Data!I:I,Sales_Data!B:B,'Incentive summary'!A3,Sales_Data!M:M,'Incentive summary'!B3) -> 9726 | D3: =SUMIFS(Targets!C:C, Targets!A:A, A3, Targets!B:B, B3) -> 9500 | E3: =IFERROR(C3/D3,0) -> 1.0237895 | F3: =VLOOKUP(E3, Incentive!$A$1:$C$5, 3, TRUE) -> 0.1 | G3: =C3*F3 -> 972.6 | H3: =IF(E3>0.8,"Eligible","Not Eligible") -> Eligible | I3: =IF(E3<0.8,"Poor", IF(E3<1,"Average", IF(E3<1.2,"Good","Excellent"))) -> Good | J3: =IF(F3=0,"No incentive",IF(F3=0.05,"Low incentive",IF(F3>0.05,"High incentive"))) -> High incentive
A4: Rohan Gupta | B4: 2021-07 | C4: =SUMIFS(Sales_Data!I:I,Sales_Data!B:B,'Incentive summary'!A4,Sales_Data!M:M,'Incentive summary'!B4) -> 9726 | D4: =SUMIFS(Targets!C:C, Targets!A:A, A4, Targets!B:B, B4) -> 9200 | E4: =IFERROR(C4/D4,0) -> 1.0571739 | F4: =VLOOKUP(E4, Incentive!$A$1:$C$5, 3, TRUE) -> 0.1 | G4: =C4*F4 -> 972.6 | H4: =IF(E4>0.8,"Eligible","Not Eligible") -> Eligible | I4: =IF(E4<0.8,"Poor", IF(E4<1,"Average", IF(E4<1.2,"Good","Excellent"))) -> Good | J4: =IF(F4=0,"No incentive",IF(F4=0.05,"Low incentive",IF(F4>0.05,"High incentive"))) -> High incentive
A5: Sneha Singh | B5: 2023-06 | C5: =SUMIFS(Sales_Data!I:I,Sales_Data!B:B,'Incentive summary'!A5,Sales_Data!M:M,'Incentive summary'!B5) -> 4975 | D5: =SUMIFS(Targets!C:C, Targets!A:A, A5, Targets!B:B, B5) -> 8900 | E5: =IFERROR(C5/D5,0) -> 0.55898876 | F5: =VLOOKUP(E5, Incentive!$A$1:$C$5, 3, TRUE) -> 0 | G5: =C5*F5 -> 0 | H5: =IF(E5>0.8,"Eligible","Not Eligible") -> Not Eligible | I5: =IF(E5<0.8,"Poor", IF(E5<1,"Average", IF(E5<1.2,"Good","Excellent"))) -> Poor | J5: =IF(F5=0,"No incentive",IF(F5=0.05,"Low incentive",IF(F5>0.05,"High incentive"))) -> No incentive
A6: Rohan Gupta | B6: 2024-12 | C6: =SUMIFS(Sales_Data!I:I,Sales_Data!B:B,'Incentive summary'!A6,Sales_Data!M:M,'Incentive summary'!B6) -> 4975 | D6: =SUMIFS(Targets!C:C, Targets!A:A, A6, Targets!B:B, B6) -> 8600 | E6: =IFERROR(C6/D6,0) -> 0.57848837 | F6: =VLOOKUP(E6, Incentive!$A$1:$C$5, 3, TRUE) -> 0 | G6: =C6*F6 -> 0 | H6: =IF(E6>0.8,"Eligible","Not Eligible") -> Not Eligible | I6: =IF(E6<0.8,"Poor", IF(E6<1,"Average", IF(E6<1.2,"Good","Excellent"))) -> Poor | J6: =IF(F6=0,"No incentive",IF(F6=0.05,"Low incentive",IF(F6>0.05,"High incentive"))) -> No incentive
A7: Sneha Singh | B7: 2021-07 | C7: =SUMIFS(Sales_Data!I:I,Sales_Data!B:B,'Incentive summary'!A7,Sales_Data!M:M,'Incentive summary'!B7) -> 4975 | D7: =SUMIFS(Targets!C:C, Targets!A:A, A7, Targets!B:B, B7) -> 8300 | E7: =IFERROR(C7/D7,0) -> 0.59939759 | F7: =VLOOKUP(E7, Incentive!$A$1:$C$5, 3, TRUE) -> 0 | G7: =C7*F7 -> 0 | H7: =IF(E7>0.8,"Eligible","Not Eligible") -> Not Eligible | I7: =IF(E7<0.8,"Poor", IF(E7<1,"Average", IF(E7<1.2,"Good","Excellent"))) -> Poor | J7: =IF(F7=0,"No incentive",IF(F7=0.05,"Low incentive",IF(F7>0.05,"High incentive"))) -> No incentive
A8: Nisha Kapoor | B8: 2024-05 | C8: =SUMIFS(Sales_Data!I:I,Sales_Data!B:B,'Incentive summary'!A8,Sales_Data!M:M,'Incentive summary'!B8) -> 1525 | D8: =SUMIFS(Targets!C:C, Targets!A:A, A8, Targets!B:B, B8) -> 8000 | E8: =IFERROR(C8/D8,0) -> 0.190625 | F8: =VLOOKUP(E8, Incentive!$A$1:$C$5, 3, TRUE) -> 0 | G8: =C8*F8 -> 0 | H8: =IF(E8>0.8,"Eligible","Not Eligible") -> Not Eligible | I8: =IF(E8<0.8,"Poor", IF(E8<1,"Average", IF(E8<1.2,"Good","Excellent"))) -> Poor | J8: =IF(F8=0,"No incentive",IF(F8=0.05,"Low incentive",IF(F8>0.05,"High incentive"))) -> No incentive
A9: Aarav Sharma | B9: 2021-10 | C9: =SUMIFS(Sales_Data!I:I,Sales_Data!B:B,'Incentive summary'!A9,Sales_Data!M:M,'Incentive summary'!B9) -> 1525 | D9: =SUMIFS(Targets!C:C, Targets!A:A, A9, Targets!B:B, B9) -> 7700 | E9: =IFERROR(C9/D9,0) -> 0.19805195 | F9: =VLOOKUP(E9, Incentive!$A$1:$C$5, 3, TRUE) -> 0 | G9: =C9*F9 -> 0 | H9: =IF(E9>0.8,"Eligible","Not Eligible") -> Not Eligible | I9: =IF(E9<0.8,"Poor", IF(E9<1,"Average", IF(E9<1.2,"Good","Excellent"))) -> Poor | J9: =IF(F9=0,"No incentive",IF(F9=0.05,"Low incentive",IF(F9>0.05,"High incentive"))) -> No incentive
A10: Aditi Verma | B10: 2022-11 | C10: =SUMIFS(Sales_Data!I:I,Sales_Data!B:B,'Incentive summary'!A10,Sales_Data!M:M,'Incentive summary'!B10) -> 883 | D10: =SUMIFS(Targets!C:C, Targets!A:A, A10, Targets!B:B, B10) -> 7400 | E10: =IFERROR(C10/D10,0) -> 0.11932432 | F10: =VLOOKUP(E10, Incentive!$A$1:$C$5, 3, TRUE) -> 0 | G10: =C10*F10 -> 0 | H10: =IF(E10>0.8,"Eligible","Not Eligible") -> Not Eligible | I10: =IF(E10<0.8,"Poor", IF(E10<1,"Average", IF(E10<1.2,"Good","Excellent"))) -> Poor | J10: =IF(F10=0,"No incentive",IF(F10=0.05,"Low incentive",IF(F10>0.05,"High incentive"))) -> No incentive
A11: Rohan Gupta | B11: 2022-11 | C11: =SUMIFS(Sales_Data!I:I,Sales_Data!B:B,'Incentive summary'!A11,Sales_Data!M:M,'Incentive summary'!B11) -> 8127 | D11: =SUMIFS(Targets!C:C, Targets!A:A, A11, Targets!B:B, B11) -> 7100 | E11: =IFERROR(C11/D11,0) -> 1.1446479 | F11: =VLOOKUP(E11, Incentive!$A$1:$C$5, 3, TRUE) -> 0.1 | G11: =C11*F11 -> 812.7 | H11: =IF(E11>0.8,"Eligible","Not Eligible") -> Eligible | I11: =IF(E11<0.8,"Poor", IF(E11<1,"Average", IF(E11<1.2,"Good","Excellent"))) -> Good | J11: =IF(F11=0,"No incentive",IF(F11=0.05,"Low incentive",IF(F11>0.05,"High incentive"))) -> High incentive
A12: Sneha Singh | B12: 2023-11 | C12: =SUMIFS(Sales_Data!I:I,Sales_Data!B:B,'Incentive summary'!A12,Sales_Data!M:M,'Incentive summary'!B12) -> 2516 | D12: =SUMIFS(Targets!C:C, Targets!A:A, A12, Targets!B:B, B12) -> 6800 | E12: =IFERROR(C12/D12,0) -> 0.37 | F12: =VLOOKUP(E12, Incentive!$A$1:$C$5, 3, TRUE) -> 0 | G12: =C12*F12 -> 0 | H12: =IF(E12>0.8,"Eligible","Not Eligible") -> Not Eligible | I12: =IF(E12<0.8,"Poor", IF(E12<1,"Average", IF(E12<1.2,"Good","Excellent"))) -> Poor | J12: =IF(F12=0,"No incentive",IF(F12=0.05,"Low incentive",IF(F12>0.05,"High incentive"))) -> No incentive
A13: Nisha Kapoor | B13: 2020-03 | C13: =SUMIFS(Sales_Data!I:I,Sales_Data!B:B,'Incentive summary'!A13,Sales_Data!M:M,'Incentive summary'!B13) -> 2975 | D13: =SUMIFS(Targets!C:C, Targets!A:A, A13, Targets!B:B, B13) -> 6500 | E13: =IFERROR(C13/D13,0) -> 0.45769231 | F13: =VLOOKUP(E13, Incentive!$A$1:$C$5, 3, TRUE) -> 0 | G13: =C13*F13 -> 0 | H13: =IF(E13>0.8,"Eligible","Not Eligible") -> Not Eligible | I13: =IF(E13<0.8,"Poor", IF(E13<1,"Average", IF(E13<1.2,"Good","Excellent"))) -> Poor | J13: =IF(F13=0,"No incentive",IF(F13=0.05,"Low incentive",IF(F13>0.05,"High incentive"))) -> No incentive
A14: Aman Tiwari | B14: 2020-05 | C14: =SUMIFS(Sales_Data!I:I,Sales_Data!B:B,'Incentive summary'!A14,Sales_Data!M:M,'Incentive summary'!B14) -> 7874 | D14: 6800 | E14: =IFERROR(C14/D14,0) -> 1.1579412 | F14: =VLOOKUP(E14, Incentive!$A$1:$C$5, 3, TRUE) -> 0.1 | G14: =C14*F14 -> 787.4 | H14: =IF(E14>0.8,"Eligible","Not Eligible") -> Eligible | I14: =IF(E14<0.8,"Poor", IF(E14<1,"Average", IF(E14<1.2,"Good","Excellent"))) -> Good | J14: =IF(F14=0,"No incentive",IF(F14=0.05,"Low incentive",IF(F14>0.05,"High incentive"))) -> High incentive
A15: Nisha Kapoor | B15: 2020-05 | C15: =SUMIFS(Sales_Data!I:I,Sales_Data!B:B,'Incentive summary'!A15,Sales_Data!M:M,'Incentive summary'!B15) -> 7626 | D15: =SUMIFS(Targets!C:C, Targets!A:A, A15, Targets!B:B, B15) -> 5900 | E15: =IFERROR(C15/D15,0) -> 1.2925424 | F15: =VLOOKUP(E15, Incentive!$A$1:$C$5, 3, TRUE) -> 0.15 | G15: =C15*F15 -> 1143.9 | H15: =IF(E15>0.8,"Eligible","Not Eligible") -> Eligible | I15: =IF(E15<0.8,"Poor", IF(E15<1,"Average", IF(E15<1.2,"Good","Excellent"))) -> Excellent | J15: =IF(F15=0,"No incentive",IF(F15=0.05,"Low incentive",IF(F15>0.05,"High incentive"))) -> High incentive
A16: Aman Tiwari | B16: 2020-05 | C16: =SUMIFS(Sales_Data!I:I,Sales_Data!B:B,'Incentive summary'!A16,Sales_Data!M:M,'Incentive summary'!B16) -> 7874 | D16: 5600 | E16: =IFERROR(C16/D16,0) -> 1.4060714 | F16: =VLOOKUP(E16, Incentive!$A$1:$C$5, 3, TRUE) -> 0.15 | G16: =C16*F16 -> 1181.1 | H16: =IF(E16>0.8,"Eligible","Not Eligible") -> Eligible | I16: =IF(E16<0.8,"Poor", IF(E16<1,"Average", IF(E16<1.2,"Good","Excellent"))) -> Excellent | J16: =IF(F16=0,"No incentive",IF(F16=0.05,"Low incentive",IF(F16>0.05,"High incentive"))) -> High incentive
A17: Kavya Nair | B17: 2023-11 | C17: =SUMIFS(Sales_Data!I:I,Sales_Data!B:B,'Incentive summary'!A17,Sales_Data!M:M,'Incentive summary'!B17) -> 7600 | D17: =SUMIFS(Targets!C:C, Targets!A:A, A17, Targets!B:B, B17) -> 5300 | E17: =IFERROR(C17/D17,0) -> 1.4339623 | F17: =VLOOKUP(E17, Incentive!$A$1:$C$5, 3, TRUE) -> 0.15 | G17: =C17*F17 -> 1140 | H17: =IF(E17>0.8,"Eligible","Not Eligible") -> Eligible | I17: =IF(E17<0.8,"Poor", IF(E17<1,"Average", IF(E17<1.2,"Good","Excellent"))) -> Excellent | J17: =IF(F17=0,"No incentive",IF(F17=0.05,"Low incentive",IF(F17>0.05,"High incentive"))) -> High incentive
A18: Mohit Saxena | B18: 2023-11 | C18: =SUMIFS(Sales_Data!I:I,Sales_Data!B:B,'Incentive summary'!A18,Sales_Data!M:M,'Incentive summary'!B18) -> 7501 | D18: =SUMIFS(Targets!C:C, Targets!A:A, A18, Targets!B:B, B18) -> 5000 | E18: =IFERROR(C18/D18,0) -> 1.5002 | F18: =VLOOKUP(E18, Incentive!$A$1:$C$5, 3, TRUE) -> 0.15 | G18: =C18*F18 -> 1125.15 | H18: =IF(E18>0.8,"Eligible","Not Eligible") -> Eligible | I18: =IF(E18<0.8,"Poor", IF(E18<1,"Average", IF(E18<1.2,"Good","Excellent"))) -> Excellent | J18: =IF(F18=0,"No incentive",IF(F18=0.05,"Low incentive",IF(F18>0.05,"High incentive"))) -> High incentive
A19: Priya Mishra | B19: 2024-12 | C19: =SUMIFS(Sales_Data!I:I,Sales_Data!B:B,'Incentive summary'!A19,Sales_Data!M:M,'Incentive summary'!B19) -> 2328 | D19: =SUMIFS(Targets!C:C, Targets!A:A, A19, Targets!B:B, B19) -> 9800 | E19: =IFERROR(C19/D19,0) -> 0.23755102 | F19: =VLOOKUP(E19, Incentive!$A$1:$C$5, 3, TRUE) -> 0 | G19: =C19*F19 -> 0 | H19: =IF(E19>0.8,"Eligible","Not Eligible") -> Not Eligible | I19: =IF(E19<0.8,"Poor", IF(E19<1,"Average", IF(E19<1.2,"Good","Excellent"))) -> Poor | J19: =IF(F19=0,"No incentive",IF(F19=0.05,"Low incentive",IF(F19>0.05,"High incentive"))) -> No incentive
A20: Aditya Rao | B20: 2024-12 | C20: =SUMIFS(Sales_Data!I:I,Sales_Data!B:B,'Incentive summary'!A20,Sales_Data!M:M,'Incentive summary'!B20) -> 7201 | D20: =SUMIFS(Targets!C:C, Targets!A:A, A20, Targets!B:B, B20) -> 4400 | E20: =IFERROR(C20/D20,0) -> 1.6365909 | F20: =VLOOKUP(E20, Incentive!$A$1:$C$5, 3, TRUE) -> 0.15 | G20: =C20*F20 -> 1080.15 | H20: =IF(E20>0.8,"Eligible","Not Eligible") -> Eligible | I20: =IF(E20<0.8,"Poor", IF(E20<1,"Average", IF(E20<1.2,"Good","Excellent"))) -> Excellent | J20: =IF(F20=0,"No incentive",IF(F20=0.05,"Low incentive",IF(F20>0.05,"High incentive"))) -> High incentive
A21: Nisha Kapoor | B21: 2025-02 | C21: =SUMIFS(Sales_Data!I:I,Sales_Data!B:B,'Incentive summary'!A21,Sales_Data!M:M,'Incentive summary'!B21) -> 1629 | D21: =SUMIFS(Targets!C:C, Targets!A:A, A21, Targets!B:B, B21) -> 4100 | E21: =IFERROR(C21/D21,0) -> 0.39731707 | F21: =VLOOKUP(E21, Incentive!$A$1:$C$5, 3, TRUE) -> 0 | G21: =C21*F21 -> 0 | H21: =IF(E21>0.8,"Eligible","Not Eligible") -> Not Eligible | I21: =IF(E21<0.8,"Poor", IF(E21<1,"Average", IF(E21<1.2,"Good","Excellent"))) -> Poor | J21: =IF(F21=0,"No incentive",IF(F21=0.05,"Low incentive",IF(F21>0.05,"High incentive"))) -> No incentive
A22: Aman Tiwari | B22: 2024-01 | C22: =SUMIFS(Sales_Data!I:I,Sales_Data!B:B,'Incentive summary'!A22,Sales_Data!M:M,'Incentive summary'!B22) -> 1629 | D22: =SUMIFS(Targets!C:C, Targets!A:A, A22, Targets!B:B, B22) -> 3800 | E22: =IFERROR(C22/D22,0) -> 0.42868421 | F22: =VLOOKUP(E22, Incentive!$A$1:$C$5, 3, TRUE) -> 0 | G22: =C22*F22 -> 0 | H22: =IF(E22>0.8,"Eligible","Not Eligible") -> Not Eligible | I22: =IF(E22<0.8,"Poor", IF(E22<1,"Average", IF(E22<1.2,"Good","Excellent"))) -> Poor | J22: =IF(F22=0,"No incentive",IF(F22=0.05,"Low incentive",IF(F22>0.05,"High incentive"))) -> No incentive
A23: Kavya Nair | B23: 2020-11 | C23: =SUMIFS(Sales_Data!I:I,Sales_Data!B:B,'Incentive summary'!A23,Sales_Data!M:M,'Incentive summary'!B23) -> 8971 | D23: =SUMIFS(Targets!C:C, Targets!A:A, A23, Targets!B:B, B23) -> 3500 | E23: =IFERROR(C23/D23,0) -> 2.5631429 | F23: =VLOOKUP(E23, Incentive!$A$1:$C$5, 3, TRUE) -> 0.15 | G23: =C23*F23 -> 1345.65 | H23: =IF(E23>0.8,"Eligible","Not Eligible") -> Eligible | I23: =IF(E23<0.8,"Poor", IF(E23<1,"Average", IF(E23<1.2,"Good","Excellent"))) -> Excellent | J23: =IF(F23=0,"No incentive",IF(F23=0.05,"Low incentive",IF(F23>0.05,"High incentive"))) -> High incentive
A24: Mohit Saxena | B24: 2020-11 | C24: =SUMIFS(Sales_Data!I:I,Sales_Data!B:B,'Incentive summary'!A24,Sales_Data!M:M,'Incentive summary'!B24) -> 2939 | D24: =SUMIFS(Targets!C:C, Targets!A:A, A24, Targets!B:B, B24) -> 3200 | E24: =IFERROR(C24/D24,0) -> 0.9184375 | F24: =VLOOKUP(E24, Incentive!$A$1:$C$5, 3, TRUE) -> 0.05 | G24: =C24*F24 -> 146.95 | H24: =IF(E24>0.8,"Eligible","Not Eligible") -> Eligible | I24: =IF(E24<0.8,"Poor", IF(E24<1,"Average", IF(E24<1.2,"Good","Excellent"))) -> Average | J24: =IF(F24=0,"No incentive",IF(F24=0.05,"Low incentive",IF(F24>0.05,"High incentive"))) -> Low incentive
A25: Priya Mishra | B25: 2024-05 | C25: =SUMIFS(Sales_Data!I:I,Sales_Data!B:B,'Incentive summary'!A25,Sales_Data!M:M,'Incentive summary'!B25) -> 9380 | D25: =SUMIFS(Targets!C:C, Targets!A:A, A25, Targets!B:B, B25) -> 2900 | E25: =IFERROR(C25/D25,0) -> 3.2344828 | F25: =VLOOKUP(E25, Incentive!$A$1:$C$5, 3, TRUE) -> 0.15 | G25: =C25*F25 -> 1407 | H25: =IF(E25>0.8,"Eligible","Not Eligible") -> Eligible | I25: =IF(E25<0.8,"Poor", IF(E25<1,"Average", IF(E25<1.2,"Good","Excellent"))) -> Excellent | J25: =IF(F25=0,"No incentive",IF(F25=0.05,"Low incentive",IF(F25>0.05,"High incentive"))) -> High incentive
A26: Aditya Rao | B26: 2024-05 | C26: =SUMIFS(Sales_Data!I:I,Sales_Data!B:B,'Incentive summary'!A26,Sales_Data!M:M,'Incentive summary'!B26) -> 8558 | D26: =SUMIFS(Targets!C:C, Targets!A:A, A26, Targets!B:B, B26) -> 2600 | E26: =IFERROR(C26/D26,0) -> 3.2915385 | F26: =VLOOKUP(E26, Incentive!$A$1:$C$5, 3, TRUE) -> 0.15 | G26: =C26*F26 -> 1283.7 | H26: =IF(E26>0.8,"Eligible","Not Eligible") -> Eligible | I26: =IF(E26<0.8,"Poor", IF(E26<1,"Average", IF(E26<1.2,"Good","Excellent"))) -> Excellent | J26: =IF(F26=0,"No incentive",IF(F26=0.05,"Low incentive",IF(F26>0.05,"High incentive"))) -> High incentive
A27: Pallavi Kulkarni | B27: 2024-05 | C27: =SUMIFS(Sales_Data!I:I,Sales_Data!B:B,'Incentive summary'!A27,Sales_Data!M:M,'Incentive summary'!B27) -> 4080 | D27: =SUMIFS(Targets!C:C, Targets!A:A, A27, Targets!B:B, B27) -> 2300 | E27: =IFERROR(C27/D27,0) -> 1.773913 | F27: =VLOOKUP(E27, Incentive!$A$1:$C$5, 3, TRUE) -> 0.15 | G27: =C27*F27 -> 612 | H27: =IF(E27>0.8,"Eligible","Not Eligible") -> Eligible | I27: =IF(E27<0.8,"Poor", IF(E27<1,"Average", IF(E27<1.2,"Good","Excellent"))) -> Excellent | J27: =IF(F27=0,"No incentive",IF(F27=0.05,"Low incentive",IF(F27>0.05,"High incentive"))) -> High incentive
A28: Saurabh Tripathi | B28: 2022-01 | C28: =SUMIFS(Sales_Data!I:I,Sales_Data!B:B,'Incentive summary'!A28,Sales_Data!M:M,'Incentive summary'!B28) -> 4206 | D28: =SUMIFS(Targets!C:C, Targets!A:A, A28, Targets!B:B, B28) -> 2000 | E28: =IFERROR(C28/D28,0) -> 2.103 | F28: =VLOOKUP(E28, Incentive!$A$1:$C$5, 3, TRUE) -> 0.15 | G28: =C28*F28 -> 630.9 | H28: =IF(E28>0.8,"Eligible","Not Eligible") -> Eligible | I28: =IF(E28<0.8,"Poor", IF(E28<1,"Average", IF(E28<1.2,"Good","Excellent"))) -> Excellent | J28: =IF(F28=0,"No incentive",IF(F28=0.05,"Low incentive",IF(F28>0.05,"High incentive"))) -> High incentive
... A101: Riya Chakraborty | B101: 2023-07 | C101: =SUMIFS(Sales_Data!I:I,Sales_Data!B:B,'Incentive summary'!A101,Sales_Data!M:M,'Incentive summary'!B101) -> 5002 | D101: =SUMIFS(Targets!C:C, Targets!A:A, A101, Targets!B:B, B101) -> 7700 | E101: =IFERROR(C101/D101,0) -> 0.64961039 | F101: =VLOOKUP(E101, Incentive!$A$1:$C$5, 3, TRUE) -> 0 | G101: =C101*F101 -> 0 | H101: =IF(E101>0.8,"Eligible","Not Eligible") -> Not Eligible | I101: =IF(E101<0.8,"Poor", IF(E101<1,"Average", IF(E101<1.2,"Good","Excellent"))) -> Poor | J101: =IF(F101=0,"No incentive",IF(F101=0.05,"Low incentive",IF(F101>0.05,"High incentive"))) -> No incentive

Sheet dashboard
A1: Sales-Incentive Performance Dashboard
A3: TOTAL INCENTIVE PAID | D3: TOP PERFOMER | F3: Average achievement | I3: Total salesperson
A4: =SUM('Incentive summary'!G:G) -> 53332.25 | D4: =INDEX(Incentive!F3:F25,MATCH(MAX(Incentive!G3:G25),Incentive!G3:G25,0)) -> Aditya Rao | F4: =AVERAGE('Incentive summary'!E:E) -> 1.6380884 | I4: =COUNTA(Incentive!F2:F25) -> 24
A9: sales person | B9: Sum of Incentive Amount | G9: Row Labels | H9: Sum of Achievement % | I9: Sum of Incentive Amount
A10: Aditya Rao | B10: 5610.15 | G10: 2020-10 | H10: 5.1419643 | I10: 1530.25
A11: Aman Tiwari | B11: 3910.4 | G11: 2020-11 | H11: 5.3414714 | I11: 2357.8
A12: Kavya Nair | B12: 3253.95 | G12: 2021-04 | H12: 4.9562311 | I12: 2660.15
A13: Mohit Saxena | B13: 2516.05 | G13: 2021-05 | H13: 6.955119 | I13: 1359.3
A14: Nisha Kapoor | B14: 3414.75 | G14: 2021-06 | H14: 4.2679928 | I14: 1761.45
A15: Preeti Malhotra | B15: 3069.3 | G15: 2021-10 | H15: 4.1978116 | I15: 1761.45
A16: Priya Mishra | B16: 3946.8 | G16: 2022-01 | H16: 12.30651 | I16: 2857.2
A17: Riya Chakraborty | B17: 2511.15 | G17: 2022-02 | H17: 5.3182391 | I17: 2660.15
A18: Sunil Kumar | B18: 3643.9 | G18: 2022-10 | H18: 7.9470758 | I18: 1616.4
A19: Swati Thakur | B19: 2895.3 | G19: 2023-07 | H19: 12.091616 | I19: 2725.95
G20: 2023-08 | H20: 4.9147455 | I20: 1530.25
G21: 2023-12 | H21: 21.427 | I21: 2307.3
G22: 2024-05 | H22: 8.4905593 | I22: 3302.7
G23: 2024-08 | H23: 10.380724 | I23: 2774.55
G24: 2024-12 | H24: 10.282893 | I24: 4917.45

Sheet Read me
A1: README – Sales Analysis & Incentive Project
A3: Project Objective
A4: The objective of this Excel project is to analyze sales data, track performance against defined targets, and automatically calculate incentives to support business decisions.
A6: Dataset Overview
A7: • Order-level sales data (Order ID, Date, Sales, Profit, Quantity)
A8: • Targets and incentive slabs maintained in separate sheets
A9: • Dynamic formulas ensure automatic updates
A11: Key Sheets Used
A12: DATA – Raw sales data
A13: TARGETS – Sales targets and incentive %
A14: INCENTIVES – Calculated incentives
A15: SUMMARY – Final performance view
... A29: • Better management decisions
